path,stage,supervision,control,task_mix,split,size_bytes,sha256,status,external_uri
data/encoder_decoder/stage_c_subset/gpt_wiki_data_legit/stage_c_subset.jsonl,C,gpt_wikipedia,both,reward_subset,train,,,needs_hash_on_slurm,
data/encoder_decoder/stage_c_subset/frmt_gpt_wiki_data_legit/stage_c_subset.jsonl,C,gpt_wikipedia_frmt,both,reward_subset,train,,,needs_hash_on_slurm,
data/encoder_decoder/t5gemma2/control_string_ptbr_protocol/stageA_opensubs_only/decoder_unified/train.jsonl,A,opensubtitles,decoder,multitask,train,,,needs_hash_on_slurm,
data/encoder_decoder/t5gemma2/control_string_ptbr_protocol/stageA_opensubs_only/decoder_unified/valid.jsonl,A,opensubtitles,decoder,multitask,valid,,,needs_hash_on_slurm,
data/encoder_decoder/t5gemma2/control_string_ptbr_protocol/stageA_opensubs_only/decoder_unified_noequal_translation/train.jsonl,A,opensubtitles,decoder,multitask_no_equal_rewriting,train,,,needs_hash_on_slurm,
data/encoder_decoder/t5gemma2/control_string_ptbr_protocol/stageA_opensubs_only/decoder_unified_noequal_translation/valid.jsonl,A,opensubtitles,decoder,multitask_no_equal_rewriting,valid,,,needs_hash_on_slurm,
data/encoder_decoder/t5gemma2/control_string_ptbr_protocol/stageA_opensubs_only/encoder_unified/train.jsonl,A,opensubtitles,encoder,multitask,train,,,needs_hash_on_slurm,
data/encoder_decoder/t5gemma2/control_string_ptbr_protocol/stageA_opensubs_only/encoder_unified/valid.jsonl,A,opensubtitles,encoder,multitask,valid,,,needs_hash_on_slurm,
data/encoder_decoder/t5gemma2/control_string_ptbr_protocol/stageA_opensubs_only/encoder_unified_translation_only/train.jsonl,A,opensubtitles,encoder,rewriting_only,train,,,needs_hash_on_slurm,
data/encoder_decoder/t5gemma2/control_string_ptbr_protocol/stageA_opensubs_only/encoder_unified_translation_only/valid.jsonl,A,opensubtitles,encoder,rewriting_only,valid,,,needs_hash_on_slurm,
data/encoder_decoder/t5gemma2/control_string_ptbr_protocol/stageB_gpt_wiki/decoder_unified/train.jsonl,B,gpt_wikipedia,decoder,multitask,train,,,needs_hash_on_slurm,
data/encoder_decoder/t5gemma2/control_string_ptbr_protocol/stageB_gpt_wiki/decoder_unified/valid.jsonl,B,gpt_wikipedia,decoder,multitask,valid,,,needs_hash_on_slurm,
data/encoder_decoder/t5gemma2/control_string_ptbr_protocol/stageB_gpt_wiki/decoder_unified_noequal_translation/train.jsonl,B,gpt_wikipedia,decoder,multitask_no_equal_rewriting,train,,,needs_hash_on_slurm,
data/encoder_decoder/t5gemma2/control_string_ptbr_protocol/stageB_gpt_wiki/decoder_unified_noequal_translation/valid.jsonl,B,gpt_wikipedia,decoder,multitask_no_equal_rewriting,valid,,,needs_hash_on_slurm,
data/encoder_decoder/t5gemma2/control_string_ptbr_protocol/stageB_gpt_wiki/encoder_unified/train.jsonl,B,gpt_wikipedia,encoder,multitask,train,,,needs_hash_on_slurm,
data/encoder_decoder/t5gemma2/control_string_ptbr_protocol/stageB_gpt_wiki/encoder_unified/valid.jsonl,B,gpt_wikipedia,encoder,multitask,valid,,,needs_hash_on_slurm,
data/encoder_decoder/t5gemma2/control_string_ptbr_protocol/stageB_gpt_wiki/encoder_unified_translation_only/train.jsonl,B,gpt_wikipedia,encoder,rewriting_only,train,,,needs_hash_on_slurm,
data/encoder_decoder/t5gemma2/control_string_ptbr_protocol/stageB_gpt_wiki/encoder_unified_translation_only/valid.jsonl,B,gpt_wikipedia,encoder,rewriting_only,valid,,,needs_hash_on_slurm,
data/encoder_decoder/t5gemma2/control_string_ptbr_protocol/stageB_gpt_wiki_frmt/decoder_unified/train.jsonl,B,gpt_wikipedia_frmt,decoder,multitask,train,,,needs_hash_on_slurm,
data/encoder_decoder/t5gemma2/control_string_ptbr_protocol/stageB_gpt_wiki_frmt/decoder_unified/valid.jsonl,B,gpt_wikipedia_frmt,decoder,multitask,valid,,,needs_hash_on_slurm,
data/encoder_decoder/t5gemma2/control_string_ptbr_protocol/stageB_gpt_wiki_frmt/decoder_unified_noequal_translation/train.jsonl,B,gpt_wikipedia_frmt,decoder,multitask_no_equal_rewriting,train,,,needs_hash_on_slurm,
data/encoder_decoder/t5gemma2/control_string_ptbr_protocol/stageB_gpt_wiki_frmt/decoder_unified_noequal_translation/valid.jsonl,B,gpt_wikipedia_frmt,decoder,multitask_no_equal_rewriting,valid,,,needs_hash_on_slurm,
data/encoder_decoder/t5gemma2/control_string_ptbr_protocol/stageB_gpt_wiki_frmt/encoder_unified/train.jsonl,B,gpt_wikipedia_frmt,encoder,multitask,train,,,needs_hash_on_slurm,
data/encoder_decoder/t5gemma2/control_string_ptbr_protocol/stageB_gpt_wiki_frmt/encoder_unified/valid.jsonl,B,gpt_wikipedia_frmt,encoder,multitask,valid,,,needs_hash_on_slurm,
data/encoder_decoder/t5gemma2/control_string_ptbr_protocol/stageB_gpt_wiki_frmt/encoder_unified_translation_only/train.jsonl,B,gpt_wikipedia_frmt,encoder,rewriting_only,train,,,needs_hash_on_slurm,
data/encoder_decoder/t5gemma2/control_string_ptbr_protocol/stageB_gpt_wiki_frmt/encoder_unified_translation_only/valid.jsonl,B,gpt_wikipedia_frmt,encoder,rewriting_only,valid,,,needs_hash_on_slurm,
