path,role,source,split,size_bytes,sha256,status,release_mode,license,source_uri,external_uri,notes
data/encoder_decoder/stage_c_subset/gpt_wiki_data_legit/stage_c_subset.jsonl,reward_training,gpt_wikipedia,train,5840364,887cb8ac0a74f19c53b632ccc24d2878e614c9a2d01df309fe5a1186c3539820,ready,hosted,mixed or source-specific; see dataset card,https://github.com/laiarodrigo/Thesis,https://huggingface.co/datasets/laiarodrigo/portuguese-variant-data/blob/main/data/encoder_decoder/stage_c_subset/gpt_wiki_data_legit/stage_c_subset.jsonl,Task-formatted GPT-Wikipedia supervision.
data/encoder_decoder/stage_c_subset/frmt_gpt_wiki_data_legit/stage_c_subset.jsonl,reward_training,gpt_wikipedia_frmt,train,5967051,2eb78f789a838a9141f1f8b363bec90a94adf3f90e2ae23f303bc9cd0db2340b,ready,hosted,mixed; FRMT component is CC BY 4.0,https://huggingface.co/datasets/hugosousa/frmt,https://huggingface.co/datasets/laiarodrigo/portuguese-variant-data/blob/main/data/encoder_decoder/stage_c_subset/frmt_gpt_wiki_data_legit/stage_c_subset.jsonl,Task-formatted GPT-Wikipedia and FRMT supervision.
data/encoder_decoder/t5gemma2/control_string_ptbr_protocol/stageA_opensubs_only/decoder_unified/train.jsonl,training,opensubtitles,train,11741403918,4449c190427b0d716e3fb6495d6091d2566ef476a6f49f49012d6e8c1d165264,ready,reconstruction_only,upstream terms apply,https://opus.nlpl.eu/datasets/OpenSubtitles,,Not hosted pending exact retrieval metadata and redistribution review.
data/encoder_decoder/t5gemma2/control_string_ptbr_protocol/stageA_opensubs_only/decoder_unified/valid.jsonl,training,opensubtitles,valid,89192,065a308c3d67de86e97c185141b89173c51d8a01369c301fb9f4814ad2a607b8,ready,reconstruction_only,upstream terms apply,https://opus.nlpl.eu/datasets/OpenSubtitles,,Not hosted pending exact retrieval metadata and redistribution review.
data/encoder_decoder/t5gemma2/control_string_ptbr_protocol/stageA_opensubs_only/decoder_unified_noequal_translation/train.jsonl,training,opensubtitles,train,9790550018,e44d18c912b1a5a53ed75794498eef1d4e14052934adb60357b3281a1abd14ff,ready,reconstruction_only,upstream terms apply,https://opus.nlpl.eu/datasets/OpenSubtitles,,Not hosted pending exact retrieval metadata and redistribution review.
data/encoder_decoder/t5gemma2/control_string_ptbr_protocol/stageA_opensubs_only/decoder_unified_noequal_translation/valid.jsonl,training,opensubtitles,valid,73656,146baa35f83d9532770addfe17c60c4106dc25e65885717ca1c5947dcc22a8a7,ready,reconstruction_only,upstream terms apply,https://opus.nlpl.eu/datasets/OpenSubtitles,,Not hosted pending exact retrieval metadata and redistribution review.
data/encoder_decoder/t5gemma2/control_string_ptbr_protocol/stageA_opensubs_only/encoder_unified/train.jsonl,training,opensubtitles,train,11779738333,586d2225527ec7ee9a86be20273bf6d65f3243dbe60ac444206d7c6dd4f29e16,ready,reconstruction_only,upstream terms apply,https://opus.nlpl.eu/datasets/OpenSubtitles,,Not hosted pending exact retrieval metadata and redistribution review.
data/encoder_decoder/t5gemma2/control_string_ptbr_protocol/stageA_opensubs_only/encoder_unified/valid.jsonl,training,opensubtitles,valid,89482,2a36193008a23597f34b8b270b28099d4474c1bd69be4fce7b878d046c14b5b2,ready,reconstruction_only,upstream terms apply,https://opus.nlpl.eu/datasets/OpenSubtitles,,Not hosted pending exact retrieval metadata and redistribution review.
data/encoder_decoder/t5gemma2/control_string_ptbr_protocol/stageA_opensubs_only/encoder_unified_translation_only/train.jsonl,training,opensubtitles,train,7107949176,7ad0d98fb953ab1a5fa3cebe86d4bf15345fb79784ccbe8df0203423fe331fb2,ready,reconstruction_only,upstream terms apply,https://opus.nlpl.eu/datasets/OpenSubtitles,,Not hosted pending exact retrieval metadata and redistribution review.
data/encoder_decoder/t5gemma2/control_string_ptbr_protocol/stageA_opensubs_only/encoder_unified_translation_only/valid.jsonl,training,opensubtitles,valid,48329,54b9843eac2a42363dcda54c32d4112e387cd49fa7c8241fa634cc0fed8f48df,ready,reconstruction_only,upstream terms apply,https://opus.nlpl.eu/datasets/OpenSubtitles,,Not hosted pending exact retrieval metadata and redistribution review.
data/encoder_decoder/t5gemma2/control_string_ptbr_protocol/stageB_gpt_wiki/decoder_unified/train.jsonl,training,gpt_wikipedia,train,7053032,c3847434ec9e9df4fb4d9c90f9f7bc6c55cdb86693f702911de491e7b53f9560,ready,hosted,mixed or source-specific; see dataset card,https://github.com/laiarodrigo/Thesis,https://huggingface.co/datasets/laiarodrigo/portuguese-variant-data/blob/main/data/encoder_decoder/t5gemma2/control_string_ptbr_protocol/stageB_gpt_wiki/decoder_unified/train.jsonl,Task-formatted GPT-Wikipedia supervision.
data/encoder_decoder/t5gemma2/control_string_ptbr_protocol/stageB_gpt_wiki/decoder_unified/valid.jsonl,training,gpt_wikipedia,valid,880608,edea13fa4864591537b00fb65d92567ddd76f3129163928b25f5eb7d11a20c2d,ready,hosted,mixed or source-specific; see dataset card,https://github.com/laiarodrigo/Thesis,https://huggingface.co/datasets/laiarodrigo/portuguese-variant-data/blob/main/data/encoder_decoder/t5gemma2/control_string_ptbr_protocol/stageB_gpt_wiki/decoder_unified/valid.jsonl,Task-formatted GPT-Wikipedia supervision.
data/encoder_decoder/t5gemma2/control_string_ptbr_protocol/stageB_gpt_wiki/decoder_unified_noequal_translation/train.jsonl,training,gpt_wikipedia,train,5941362,978def13c7bd4c0332fa873b3feb2ea774ffb7d54ddc563cfd014c10a1930902,ready,hosted,mixed or source-specific; see dataset card,https://github.com/laiarodrigo/Thesis,https://huggingface.co/datasets/laiarodrigo/portuguese-variant-data/blob/main/data/encoder_decoder/t5gemma2/control_string_ptbr_protocol/stageB_gpt_wiki/decoder_unified_noequal_translation/train.jsonl,Task-formatted GPT-Wikipedia supervision.
data/encoder_decoder/t5gemma2/control_string_ptbr_protocol/stageB_gpt_wiki/decoder_unified_noequal_translation/valid.jsonl,training,gpt_wikipedia,valid,738000,16e82c2a830dcc33768d598931fb2ead6a7b2ae6b51c08fc3cc1985cdfdf1d9e,ready,hosted,mixed or source-specific; see dataset card,https://github.com/laiarodrigo/Thesis,https://huggingface.co/datasets/laiarodrigo/portuguese-variant-data/blob/main/data/encoder_decoder/t5gemma2/control_string_ptbr_protocol/stageB_gpt_wiki/decoder_unified_noequal_translation/valid.jsonl,Task-formatted GPT-Wikipedia supervision.
data/encoder_decoder/t5gemma2/control_string_ptbr_protocol/stageB_gpt_wiki/encoder_unified/train.jsonl,training,gpt_wikipedia,train,7086292,42528186ebb73b35442cd207284eb4d8c1f11b561698a1bbee16a49ccd9942ad,ready,hosted,mixed or source-specific; see dataset card,https://github.com/laiarodrigo/Thesis,https://huggingface.co/datasets/laiarodrigo/portuguese-variant-data/blob/main/data/encoder_decoder/t5gemma2/control_string_ptbr_protocol/stageB_gpt_wiki/encoder_unified/train.jsonl,Task-formatted GPT-Wikipedia supervision.
data/encoder_decoder/t5gemma2/control_string_ptbr_protocol/stageB_gpt_wiki/encoder_unified/valid.jsonl,training,gpt_wikipedia,valid,884728,0a4a0488a1c987955b7cabe67b72159895ffa3e2be752772e345c1ba2e36c7c3,ready,hosted,mixed or source-specific; see dataset card,https://github.com/laiarodrigo/Thesis,https://huggingface.co/datasets/laiarodrigo/portuguese-variant-data/blob/main/data/encoder_decoder/t5gemma2/control_string_ptbr_protocol/stageB_gpt_wiki/encoder_unified/valid.jsonl,Task-formatted GPT-Wikipedia supervision.
data/encoder_decoder/t5gemma2/control_string_ptbr_protocol/stageB_gpt_wiki/encoder_unified_translation_only/train.jsonl,training,gpt_wikipedia,train,4487202,c5857102398e2da8f5973a4f32678e707196e8bd69e00414363382b509e0c622,ready,hosted,mixed or source-specific; see dataset card,https://github.com/laiarodrigo/Thesis,https://huggingface.co/datasets/laiarodrigo/portuguese-variant-data/blob/main/data/encoder_decoder/t5gemma2/control_string_ptbr_protocol/stageB_gpt_wiki/encoder_unified_translation_only/train.jsonl,Task-formatted GPT-Wikipedia supervision.
data/encoder_decoder/t5gemma2/control_string_ptbr_protocol/stageB_gpt_wiki/encoder_unified_translation_only/valid.jsonl,training,gpt_wikipedia,valid,562096,578150377e523ced1837d8bf8377f495e58273d4b3dc9cefa211fef8baba4850,ready,hosted,mixed or source-specific; see dataset card,https://github.com/laiarodrigo/Thesis,https://huggingface.co/datasets/laiarodrigo/portuguese-variant-data/blob/main/data/encoder_decoder/t5gemma2/control_string_ptbr_protocol/stageB_gpt_wiki/encoder_unified_translation_only/valid.jsonl,Task-formatted GPT-Wikipedia supervision.
data/encoder_decoder/t5gemma2/control_string_ptbr_protocol/stageB_gpt_wiki_frmt/decoder_unified/train.jsonl,training,gpt_wikipedia_frmt,train,13726849,f77407d86f415f6f052fdbb73b677a2c17829053e4e1ac58c41bd48efa85a8f0,ready,hosted,mixed; FRMT component is CC BY 4.0,https://huggingface.co/datasets/hugosousa/frmt,https://huggingface.co/datasets/laiarodrigo/portuguese-variant-data/blob/main/data/encoder_decoder/t5gemma2/control_string_ptbr_protocol/stageB_gpt_wiki_frmt/decoder_unified/train.jsonl,Task-formatted GPT-Wikipedia and FRMT supervision.
data/encoder_decoder/t5gemma2/control_string_ptbr_protocol/stageB_gpt_wiki_frmt/decoder_unified/valid.jsonl,training,gpt_wikipedia_frmt,valid,1131346,1bbd2b52e86a22337b310d4aaa9fd126351d48f70cf555a7fd23f863aa26a958,ready,hosted,mixed; FRMT component is CC BY 4.0,https://huggingface.co/datasets/hugosousa/frmt,https://huggingface.co/datasets/laiarodrigo/portuguese-variant-data/blob/main/data/encoder_decoder/t5gemma2/control_string_ptbr_protocol/stageB_gpt_wiki_frmt/decoder_unified/valid.jsonl,Task-formatted GPT-Wikipedia and FRMT supervision.
data/encoder_decoder/t5gemma2/control_string_ptbr_protocol/stageB_gpt_wiki_frmt/decoder_unified_noequal_translation/train.jsonl,training,gpt_wikipedia_frmt,train,12193363,1c69b1c5e3f6e2fccdd0af1edc4b8099938009f33000398fc5743ced425ce0af,ready,hosted,mixed; FRMT component is CC BY 4.0,https://huggingface.co/datasets/hugosousa/frmt,https://huggingface.co/datasets/laiarodrigo/portuguese-variant-data/blob/main/data/encoder_decoder/t5gemma2/control_string_ptbr_protocol/stageB_gpt_wiki_frmt/decoder_unified_noequal_translation/train.jsonl,Task-formatted GPT-Wikipedia and FRMT supervision.
data/encoder_decoder/t5gemma2/control_string_ptbr_protocol/stageB_gpt_wiki_frmt/decoder_unified_noequal_translation/valid.jsonl,training,gpt_wikipedia_frmt,valid,936176,db418c58327fc4286826f102acbd29ee51df0388d69336f1ddb4ef6a71d83243,ready,hosted,mixed; FRMT component is CC BY 4.0,https://huggingface.co/datasets/hugosousa/frmt,https://huggingface.co/datasets/laiarodrigo/portuguese-variant-data/blob/main/data/encoder_decoder/t5gemma2/control_string_ptbr_protocol/stageB_gpt_wiki_frmt/decoder_unified_noequal_translation/valid.jsonl,Task-formatted GPT-Wikipedia and FRMT supervision.
data/encoder_decoder/t5gemma2/control_string_ptbr_protocol/stageB_gpt_wiki_frmt/encoder_unified/train.jsonl,training,gpt_wikipedia_frmt,train,13784929,27f4edad7422f283b2437020645fb0d3d94e4ce5db191877701b05fda3a311fd,ready,hosted,mixed; FRMT component is CC BY 4.0,https://huggingface.co/datasets/hugosousa/frmt,https://huggingface.co/datasets/laiarodrigo/portuguese-variant-data/blob/main/data/encoder_decoder/t5gemma2/control_string_ptbr_protocol/stageB_gpt_wiki_frmt/encoder_unified/train.jsonl,Task-formatted GPT-Wikipedia and FRMT supervision.
data/encoder_decoder/t5gemma2/control_string_ptbr_protocol/stageB_gpt_wiki_frmt/encoder_unified/valid.jsonl,training,gpt_wikipedia_frmt,valid,1135666,8757be8dd92a6cad7b358d5f86ae1eb090b9b5dddc4eb54c1d1711c51a81e652,ready,hosted,mixed; FRMT component is CC BY 4.0,https://huggingface.co/datasets/hugosousa/frmt,https://huggingface.co/datasets/laiarodrigo/portuguese-variant-data/blob/main/data/encoder_decoder/t5gemma2/control_string_ptbr_protocol/stageB_gpt_wiki_frmt/encoder_unified/valid.jsonl,Task-formatted GPT-Wikipedia and FRMT supervision.
data/encoder_decoder/t5gemma2/control_string_ptbr_protocol/stageB_gpt_wiki_frmt/encoder_unified_translation_only/train.jsonl,training,gpt_wikipedia_frmt,train,9066476,b3bc5740928a52a36244d73d54672f138ffb59b9d7eaf87897631ba531259567,ready,hosted,mixed; FRMT component is CC BY 4.0,https://huggingface.co/datasets/hugosousa/frmt,https://huggingface.co/datasets/laiarodrigo/portuguese-variant-data/blob/main/data/encoder_decoder/t5gemma2/control_string_ptbr_protocol/stageB_gpt_wiki_frmt/encoder_unified_translation_only/train.jsonl,Task-formatted GPT-Wikipedia and FRMT supervision.
data/encoder_decoder/t5gemma2/control_string_ptbr_protocol/stageB_gpt_wiki_frmt/encoder_unified_translation_only/valid.jsonl,training,gpt_wikipedia_frmt,valid,795592,3612829fa270eb89ae3f630c8aceeae6e57d9bbcf8b26eefe1d721232216563e,ready,hosted,mixed; FRMT component is CC BY 4.0,https://huggingface.co/datasets/hugosousa/frmt,https://huggingface.co/datasets/laiarodrigo/portuguese-variant-data/blob/main/data/encoder_decoder/t5gemma2/control_string_ptbr_protocol/stageB_gpt_wiki_frmt/encoder_unified_translation_only/valid.jsonl,Task-formatted GPT-Wikipedia and FRMT supervision.
data/encoder_decoder/t5gemma2/frmt_only/classification_test.jsonl,evaluation,frmt,test,2586489,91156ea18203c30d8c84cc17f10b7d478b0b4e5e5b06691e4d404529af4b4194,ready,hosted,CC BY 4.0,https://huggingface.co/datasets/hugosousa/frmt,https://huggingface.co/datasets/laiarodrigo/portuguese-variant-data/blob/main/data/encoder_decoder/t5gemma2/frmt_only/classification_test.jsonl,Processed FRMT split used by the dissertation.
data/encoder_decoder/t5gemma2/frmt_only/classification_train.jsonl,source_split,frmt,train,1331419,e5239d23f3cef25c0e5537f1c83b39ebcc3abd569b9c1c319fa0b1a95503a2e0,ready,hosted,CC BY 4.0,https://huggingface.co/datasets/hugosousa/frmt,https://huggingface.co/datasets/laiarodrigo/portuguese-variant-data/blob/main/data/encoder_decoder/t5gemma2/frmt_only/classification_train.jsonl,Processed FRMT split used by the dissertation.
data/encoder_decoder/t5gemma2/frmt_only/classification_valid.jsonl,source_split,frmt,valid,10303,6c5bea9b381fc9e61729b09ca2d7ebdb1831d86af80739959b4432492c84e91a,ready,hosted,CC BY 4.0,https://huggingface.co/datasets/hugosousa/frmt,https://huggingface.co/datasets/laiarodrigo/portuguese-variant-data/blob/main/data/encoder_decoder/t5gemma2/frmt_only/classification_valid.jsonl,Processed FRMT split used by the dissertation.
data/encoder_decoder/t5gemma2/frmt_only/translation_test.jsonl,evaluation,frmt,test,2596144,d26713e3ff33fb5a9e18cb6c270643c7c9bde28b22954552952ca5ae873eb658,ready,hosted,CC BY 4.0,https://huggingface.co/datasets/hugosousa/frmt,https://huggingface.co/datasets/laiarodrigo/portuguese-variant-data/blob/main/data/encoder_decoder/t5gemma2/frmt_only/translation_test.jsonl,Processed FRMT split used by the dissertation.
data/encoder_decoder/t5gemma2/frmt_only/translation_train.jsonl,source_split,frmt,train,2156418,14345073d5fd42f332a3c4a6ccbf298c52b79096a47c21c6bb0b85a3aaf9d504,ready,hosted,CC BY 4.0,https://huggingface.co/datasets/hugosousa/frmt,https://huggingface.co/datasets/laiarodrigo/portuguese-variant-data/blob/main/data/encoder_decoder/t5gemma2/frmt_only/translation_train.jsonl,Processed FRMT split used by the dissertation.
data/encoder_decoder/t5gemma2/frmt_only/translation_valid.jsonl,source_split,frmt,valid,16514,d28a16ddf718f02be5b4583f7293c63634fe4feab4d83739b0a43bdb6a2638e1,ready,hosted,CC BY 4.0,https://huggingface.co/datasets/hugosousa/frmt,https://huggingface.co/datasets/laiarodrigo/portuguese-variant-data/blob/main/data/encoder_decoder/t5gemma2/frmt_only/translation_valid.jsonl,Processed FRMT split used by the dissertation.
data/encoder_decoder/t5gemma2/golden_collection/classification_test.jsonl,evaluation,golden_collection,test,336332,d31afdd036abf6eda748241cddabbeacaac31f9cc9a432a75fd61ec5b3e5629f,ready,upstream_reference,No explicit redistribution license recorded,https://huggingface.co/datasets/joaosanches/golden_collection,https://huggingface.co/datasets/joaosanches/golden_collection,Hashed local evaluation artifact; text is not republished.
data/encoder_decoder/t5gemma2/golden_collection/translation_test.jsonl,evaluation,golden_collection,test,617495,449e05c792ac7a28043e16cb93d3f2bd261ae09437ba6a08415a3c387b49711f,ready,upstream_reference,No explicit redistribution license recorded,https://huggingface.co/datasets/joaosanches/golden_collection,https://huggingface.co/datasets/joaosanches/golden_collection,Hashed local evaluation artifact; text is not republished.
