model,dataset,direction,macro_f1,bleu,ter
AMALIA SFT,FRMT,BP-to-EP,45.37,44.65,0.4289
AMALIA SFT,FRMT,EP-to-BP,45.37,40.22,0.4682
AMALIA SFT,Golden Collection,BP-to-EP,43.99,68.44,0.2347
AMALIA SFT,Golden Collection,EP-to-BP,43.99,74.66,0.1920
AMALIA DPO,FRMT,BP-to-EP,59.72,43.82,0.4494
AMALIA DPO,FRMT,EP-to-BP,59.72,35.16,0.6063
AMALIA DPO,Golden Collection,BP-to-EP,56.55,58.08,0.3239
AMALIA DPO,Golden Collection,EP-to-BP,56.55,57.18,0.3773
Qwen3-4B,FRMT,BP-to-EP,52.56,39.44,0.4709
Qwen3-4B,FRMT,EP-to-BP,52.56,40.73,0.4654
Qwen3-4B,Golden Collection,BP-to-EP,49.96,78.33,0.1540
Qwen3-4B,Golden Collection,EP-to-BP,49.96,78.26,0.1590
FLAN-T5-XL,FRMT,BP-to-EP,47.87,32.22,0.5263
FLAN-T5-XL,FRMT,EP-to-BP,47.87,32.17,0.5373
FLAN-T5-XL,Golden Collection,BP-to-EP,40.99,67.06,0.2209
FLAN-T5-XL,Golden Collection,EP-to-BP,40.99,66.31,0.2292
