model_id,architecture,stage,control,supervision,variant,output_dir,config_path,result_table_rows,weight_type,weight_file,size_bytes,sha256,status,external_uri
B4-D-G-PTBR,t5gemma2-4b-4b,B,decoder,gpt_wikipedia,rank48,outputs/encoder_decoder/control_strings_ptbr/t5gemma2_4b_stageB_gpt_wiki_decoder_ptbr,configs/encoder_decoder/t5gemma2_4b/control_strings_ptbr/stageB_gpt_wiki_decoder_ptbr.yaml,tab:r48-classification-breakdown:B|Decoder|GPT-Wikipedia;tab:r48-translation-breakdown:B|Decoder|GPT-Wikipedia;tab:appendix-lora-rank:48,peft_lora_adapter,adapter_model.safetensors,751262104,4a63e0d316beef9dec31f3a286f4df1389e154870d5bbb10ae31d5e768337eeb,ready,https://huggingface.co/laiarodrigo/portuguese-variant-t5gemma2/tree/main/B4-D-G-PTBR
B4-E-G-PTBR-CLS,t5gemma2-4b-4b,B,encoder,gpt_wikipedia,rank48,outputs/encoder_decoder/control_strings_ptbr/t5gemma2_4b_stageB_gpt_wiki_encoder_ptbr,configs/encoder_decoder/t5gemma2_4b/control_strings_ptbr/stageB_gpt_wiki_encoder_ptbr.yaml,tab:r48-classification-breakdown:B|Encoder|GPT-Wikipedia;tab:r48-translation-breakdown:B|Encoder|GPT-Wikipedia,peft_lora_adapter,adapter_model.safetensors,751262104,0687ebe512adf316d9eb9b928705f372f989586d8911e320f6a3558aa181ef62,ready,https://huggingface.co/laiarodrigo/portuguese-variant-t5gemma2/tree/main/B4-E-G-PTBR-CLS
B4-D-GF-PTBR,t5gemma2-4b-4b,B,decoder,gpt_wikipedia_frmt,rank48,outputs/encoder_decoder/control_strings_ptbr/t5gemma2_4b_stageB_gpt_wiki_frmt_decoder_ptbr,configs/encoder_decoder/t5gemma2_4b/control_strings_ptbr/stageB_gpt_wiki_frmt_decoder_ptbr.yaml,tab:r48-classification-breakdown:B|Decoder|GPT-Wikipedia+FRMT;tab:r48-translation-breakdown:B|Decoder|GPT-Wikipedia+FRMT,peft_lora_adapter,adapter_model.safetensors,751262104,3a6f07e08dfb72cfb2060f5d003c950c7368f94d400bda8dda657c8f4e10170b,ready,https://huggingface.co/laiarodrigo/portuguese-variant-t5gemma2/tree/main/B4-D-GF-PTBR
B4-E-GF-PTBR-CLS,t5gemma2-4b-4b,B,encoder,gpt_wikipedia_frmt,rank48,outputs/encoder_decoder/control_strings_ptbr/t5gemma2_4b_stageB_gpt_wiki_frmt_encoder_ptbr,configs/encoder_decoder/t5gemma2_4b/control_strings_ptbr/stageB_gpt_wiki_frmt_encoder_ptbr.yaml,tab:r48-classification-breakdown:B|Encoder|GPT-Wikipedia+FRMT;tab:r48-translation-breakdown:B|Encoder|GPT-Wikipedia+FRMT,peft_lora_adapter,adapter_model.safetensors,751262104,b6dba24d3d7996b13a20a9a8de7d59963514b3b19e2829b6b6be741e3587b4f4,ready,https://huggingface.co/laiarodrigo/portuguese-variant-t5gemma2/tree/main/B4-E-GF-PTBR-CLS
B4-D-G-PTBR-no-stage-a,t5gemma2-4b-4b,B,decoder,gpt_wikipedia,no_stage_a,outputs/encoder_decoder/control_strings_ptbr/t5gemma2_4b_stageB_gpt_wiki_decoder_ptbr_no_stageA,configs/encoder_decoder/t5gemma2_4b/control_strings_ptbr/stageB_gpt_wiki_decoder_ptbr_no_stageA.yaml,tab:stage-a-ablation:Decoder|GPT-Wikipedia|matched-no-Stage-A,peft_lora_adapter,adapter_model.safetensors,751262104,e1365b4435009a4e6ddbadc00f7582ca060a18f7e8e21ff4f98bfaed249ff435,ready,https://huggingface.co/laiarodrigo/portuguese-variant-t5gemma2/tree/main/B4-D-G-PTBR-no-stage-a
B4-E-G-PTBR-CLS-no-stage-a,t5gemma2-4b-4b,B,encoder,gpt_wikipedia,no_stage_a,outputs/encoder_decoder/control_strings_ptbr/t5gemma2_4b_stageB_gpt_wiki_encoder_ptbr_no_stageA,configs/encoder_decoder/t5gemma2_4b/control_strings_ptbr/stageB_gpt_wiki_encoder_ptbr_no_stageA.yaml,tab:stage-a-ablation:Encoder|GPT-Wikipedia|matched-no-Stage-A,peft_lora_adapter,adapter_model.safetensors,751262104,264c37a54204c4acbbbeeb4dbc069c4c75a27aa4257075e5c1c3e1e4241997dc,ready,https://huggingface.co/laiarodrigo/portuguese-variant-t5gemma2/tree/main/B4-E-G-PTBR-CLS-no-stage-a
B4-D-GF-PTBR-no-stage-a,t5gemma2-4b-4b,B,decoder,gpt_wikipedia_frmt,no_stage_a,outputs/encoder_decoder/control_strings_ptbr/t5gemma2_4b_stageB_gpt_wiki_frmt_decoder_ptbr_no_stageA,configs/encoder_decoder/t5gemma2_4b/control_strings_ptbr/stageB_gpt_wiki_frmt_decoder_ptbr_no_stageA.yaml,tab:stage-a-ablation:Decoder|GPT-Wikipedia+FRMT|matched-no-Stage-A,peft_lora_adapter,adapter_model.safetensors,751262104,0e2f02a4ebfa9a2bb328b2457ee25430eb39deb337e79aacd4f128e519f46a7c,ready,https://huggingface.co/laiarodrigo/portuguese-variant-t5gemma2/tree/main/B4-D-GF-PTBR-no-stage-a
B4-E-GF-PTBR-CLS-no-stage-a,t5gemma2-4b-4b,B,encoder,gpt_wikipedia_frmt,no_stage_a,outputs/encoder_decoder/control_strings_ptbr/t5gemma2_4b_stageB_gpt_wiki_frmt_encoder_ptbr_no_stageA,configs/encoder_decoder/t5gemma2_4b/control_strings_ptbr/stageB_gpt_wiki_frmt_encoder_ptbr_no_stageA.yaml,tab:stage-a-ablation:Encoder|GPT-Wikipedia+FRMT|matched-no-Stage-A,peft_lora_adapter,adapter_model.safetensors,751262104,7c095bb4315e5be66b2021375ab78081e217ad47f935efec157e76449cb6bc8d,ready,https://huggingface.co/laiarodrigo/portuguese-variant-t5gemma2/tree/main/B4-E-GF-PTBR-CLS-no-stage-a
B4-E-G-PTBR-rewriting-only,t5gemma2-4b-4b,B,encoder,gpt_wikipedia,rewriting_only,outputs/encoder_decoder/control_strings_ptbr/t5gemma2_4b_stageB_gpt_wiki_encoder_ptbr_rewriting_only,configs/encoder_decoder/t5gemma2_4b/control_strings_ptbr/stageB_gpt_wiki_encoder_ptbr_rewriting_only.yaml,tab:r48-translation-breakdown:B|Encoder-rewriting-only|GPT-Wikipedia,peft_lora_adapter,adapter_model.safetensors,751262104,3e177b1f9ce8f74e2566c439e69a91701bd7fa30e5c996ba5dcd366d6410e814,ready,https://huggingface.co/laiarodrigo/portuguese-variant-t5gemma2/tree/main/B4-E-G-PTBR-rewriting-only
B4-E-GF-PTBR-rewriting-only,t5gemma2-4b-4b,B,encoder,gpt_wikipedia_frmt,rewriting_only,outputs/encoder_decoder/control_strings_ptbr/t5gemma2_4b_stageB_gpt_wiki_frmt_encoder_ptbr_rewriting_only,configs/encoder_decoder/t5gemma2_4b/control_strings_ptbr/stageB_gpt_wiki_frmt_encoder_ptbr_rewriting_only.yaml,tab:r48-translation-breakdown:B|Encoder-rewriting-only|GPT-Wikipedia+FRMT,peft_lora_adapter,adapter_model.safetensors,751262104,5d9285141c3eeb4b0ce720dfe89affb14b2d7711a577928689cbbe9366ee15e6,ready,https://huggingface.co/laiarodrigo/portuguese-variant-t5gemma2/tree/main/B4-E-GF-PTBR-rewriting-only
B4-D-G-PTBR-r8,t5gemma2-4b-4b,B,decoder,gpt_wikipedia,rank8,outputs/encoder_decoder/control_strings_ptbr/t5gemma2_4b_stageB_gpt_wiki_decoder_ptbr_r8,configs/encoder_decoder/t5gemma2_4b/control_strings_ptbr/stageB_gpt_wiki_decoder_ptbr_r8.yaml,tab:appendix-lora-rank:8,peft_lora_adapter,adapter_model.safetensors,125349760,7b6d60813478aed80f029abdc74aebb0b6bca89f25287b12b194eb94ecc0cbd3,ready,https://huggingface.co/laiarodrigo/portuguese-variant-t5gemma2/tree/main/B4-D-G-PTBR-r8
B4-D-G-PTBR-r16,t5gemma2-4b-4b,B,decoder,gpt_wikipedia,rank16,outputs/encoder_decoder/control_strings_ptbr/t5gemma2_4b_stageB_gpt_wiki_decoder_ptbr_r16,configs/encoder_decoder/t5gemma2_4b/control_strings_ptbr/stageB_gpt_wiki_decoder_ptbr_r16.yaml,tab:appendix-lora-rank:16,peft_lora_adapter,adapter_model.safetensors,250533704,04492b6ab10004a4c93b6884808d980c49ed6276713e0c173d650ac96b57f081,ready,https://huggingface.co/laiarodrigo/portuguese-variant-t5gemma2/tree/main/B4-D-G-PTBR-r16
B4-D-G-PTBR-r32,t5gemma2-4b-4b,B,decoder,gpt_wikipedia,rank32,outputs/encoder_decoder/control_strings_ptbr/t5gemma2_4b_stageB_gpt_wiki_decoder_ptbr_r32,configs/encoder_decoder/t5gemma2_4b/control_strings_ptbr/stageB_gpt_wiki_decoder_ptbr_r32.yaml,tab:appendix-lora-rank:32,peft_lora_adapter,adapter_model.safetensors,500898056,9fbcd75a645beda9661b2723520389695538baf9716b8bc219e3da0b1c9c6503,ready,https://huggingface.co/laiarodrigo/portuguese-variant-t5gemma2/tree/main/B4-D-G-PTBR-r32
B4-D-G-PTBR-no-equal,t5gemma2-4b-4b,B,decoder,gpt_wikipedia,no_equal_rewriting,outputs/encoder_decoder/control_strings_ptbr/t5gemma2_4b_stageB_gpt_wiki_decoder_ptbr_noequal_translation,configs/encoder_decoder/t5gemma2_4b/control_strings_ptbr/stageB_gpt_wiki_decoder_ptbr_noequal_translation.yaml,tab:no-equal-ablation:B|GPT-Wikipedia,peft_lora_adapter,adapter_model.safetensors,751262104,987827c2d59b40fb330d9284e64e76f89c5f0396517cc6b60beffb1ee8e8cd0f,ready,https://huggingface.co/laiarodrigo/portuguese-variant-t5gemma2/tree/main/B4-D-G-PTBR-no-equal
B4-D-GF-PTBR-no-equal,t5gemma2-4b-4b,B,decoder,gpt_wikipedia_frmt,no_equal_rewriting,outputs/encoder_decoder/control_strings_ptbr/t5gemma2_4b_stageB_gpt_wiki_frmt_decoder_ptbr_noequal_translation,configs/encoder_decoder/t5gemma2_4b/control_strings_ptbr/stageB_gpt_wiki_frmt_decoder_ptbr_noequal_translation.yaml,tab:no-equal-ablation:B|GPT-Wikipedia+FRMT,peft_lora_adapter,adapter_model.safetensors,751262104,6aa11eb08f5aab86e18b420e9a5f5042c9acacd556387cb49dc61069b6872ec8,ready,https://huggingface.co/laiarodrigo/portuguese-variant-t5gemma2/tree/main/B4-D-GF-PTBR-no-equal
C4-D-G-PTBR,t5gemma2-4b-4b,C,decoder,gpt_wikipedia,main_reward,outputs/encoder_decoder/control_strings_ptbr/t5gemma2_4b_stageC_D_G_ptbr_gpt_wiki_bleu_ter_first_token,configs/encoder_decoder/t5gemma2_4b/control_strings_ptbr/stageC_D_G_ptbr_gpt_wiki_bleu_ter_first_token.yaml,tab:r48-classification-breakdown:C|Decoder|GPT-Wikipedia;tab:r48-translation-breakdown:C|Decoder|GPT-Wikipedia,peft_lora_adapter,adapter_model.safetensors,751262104,39d1cebd7ff89ce4fc7dedb50f6220b13923ddde3ed5b72d55f54cfe33009f40,ready,https://huggingface.co/laiarodrigo/portuguese-variant-t5gemma2/tree/main/C4-D-G-PTBR
C4-E-G-PTBR-CLS,t5gemma2-4b-4b,C,encoder,gpt_wikipedia,main_reward,outputs/encoder_decoder/control_strings_ptbr/t5gemma2_4b_stageC_E_G_ptbr_gpt_wiki_bleu_ter,configs/encoder_decoder/t5gemma2_4b/control_strings_ptbr/stageC_E_G_ptbr_gpt_wiki_bleu_ter.yaml,tab:r48-classification-breakdown:C|Encoder|GPT-Wikipedia;tab:r48-translation-breakdown:C|Encoder|GPT-Wikipedia,peft_lora_adapter,adapter_model.safetensors,751262104,b77e03840e841ccb4ecc9552bc1d0d4398e26cbfd54a73f1c04a26c47dfc14b4,ready,https://huggingface.co/laiarodrigo/portuguese-variant-t5gemma2/tree/main/C4-E-G-PTBR-CLS
C4-D-GF-PTBR,t5gemma2-4b-4b,C,decoder,gpt_wikipedia_frmt,main_reward,outputs/encoder_decoder/control_strings_ptbr/t5gemma2_4b_stageC_D_GF_ptbr_frmt_gpt_wiki_bleu_ter_first_token,configs/encoder_decoder/t5gemma2_4b/control_strings_ptbr/stageC_D_GF_ptbr_frmt_gpt_wiki_bleu_ter_first_token.yaml,tab:r48-classification-breakdown:C|Decoder|GPT-Wikipedia+FRMT;tab:r48-translation-breakdown:C|Decoder|GPT-Wikipedia+FRMT,peft_lora_adapter,adapter_model.safetensors,751262104,79089b507b6b1e816ebd75388f20e244441288df82ad40d772506484cc8b775f,ready,https://huggingface.co/laiarodrigo/portuguese-variant-t5gemma2/tree/main/C4-D-GF-PTBR
C4-E-GF-PTBR-CLS,t5gemma2-4b-4b,C,encoder,gpt_wikipedia_frmt,main_reward,outputs/encoder_decoder/control_strings_ptbr/t5gemma2_4b_stageC_E_GF_ptbr_frmt_gpt_wiki_bleu_ter,configs/encoder_decoder/t5gemma2_4b/control_strings_ptbr/stageC_E_GF_ptbr_frmt_gpt_wiki_bleu_ter.yaml,tab:r48-classification-breakdown:C|Encoder|GPT-Wikipedia+FRMT;tab:r48-translation-breakdown:C|Encoder|GPT-Wikipedia+FRMT,peft_lora_adapter,adapter_model.safetensors,751262104,dfbf2a2240e2c0ee529b620bc0a4e8406c1b2725d74aa9a37804cadf2c24cd62,ready,https://huggingface.co/laiarodrigo/portuguese-variant-t5gemma2/tree/main/C4-E-GF-PTBR-CLS
C4-D-G-PTBR-no-equal,t5gemma2-4b-4b,C,decoder,gpt_wikipedia,no_equal_rewriting,outputs/encoder_decoder/control_strings_ptbr/t5gemma2_4b_stageC_D_G_ptbr_noeq_translation_gpt_wiki_bleu_ter_first_token,configs/encoder_decoder/t5gemma2_4b/control_strings_ptbr/stageC_D_G_ptbr_noeq_translation_gpt_wiki_bleu_ter_first_token.yaml,tab:no-equal-ablation:C|GPT-Wikipedia,peft_lora_adapter,adapter_model.safetensors,751262104,6b2583851d21fc9519bd2406bdb17dc777ddcbd1d777990d9a8b47507af3834e,ready,https://huggingface.co/laiarodrigo/portuguese-variant-t5gemma2/tree/main/C4-D-G-PTBR-no-equal
C4-D-GF-PTBR-no-equal,t5gemma2-4b-4b,C,decoder,gpt_wikipedia_frmt,no_equal_rewriting,outputs/encoder_decoder/control_strings_ptbr/t5gemma2_4b_stageC_D_GF_ptbr_noeq_translation_frmt_gpt_wiki_bleu_ter_first_token,configs/encoder_decoder/t5gemma2_4b/control_strings_ptbr/stageC_D_GF_ptbr_noeq_translation_frmt_gpt_wiki_bleu_ter_first_token.yaml,tab:no-equal-ablation:C|GPT-Wikipedia+FRMT,peft_lora_adapter,adapter_model.safetensors,751262104,b6ef4f79c8593a9bb6c14047640d7779a7fdd70414901f0cec18b66d34e7f0af,ready,https://huggingface.co/laiarodrigo/portuguese-variant-t5gemma2/tree/main/C4-D-GF-PTBR-no-equal
F270-D-G-PTBR,t5gemma2-270m-270m,B,decoder,gpt_wikipedia,base_protocol,outputs/encoder_decoder/control_strings_ptbr_270m/t5gemma2_270m_fullft_stageB_gpt_wiki_decoder_ptbr,configs/encoder_decoder/t5gemma2/control_strings_ptbr/stageB_gpt_wiki_decoder_ptbr.yaml,tab:protocol-ablation-270m:Base-protocol;tab:appendix-rl-d:Supervised-Stage-B-start,full_model,model.safetensors,1572182264,f6a5900080242492016b9e7d5bdd6ecda119ff0d1aa39d24b7098f768b1e1fbd,ready,https://huggingface.co/laiarodrigo/portuguese-variant-t5gemma2/tree/main/F270-D-G-PTBR
F270-D-G-PTBR-task-balanced,t5gemma2-270m-270m,B,decoder,gpt_wikipedia,task_balanced_batches,outputs/encoder_decoder/control_strings_ptbr_270m/t5gemma2_270m_fullft_stageB_gpt_wiki_decoder_ptbr_task_balanced,configs/encoder_decoder/t5gemma2/control_strings_ptbr/stageB_gpt_wiki_decoder_ptbr_task_balanced.yaml,tab:protocol-ablation-270m:Task-balanced-batches,full_model,model.safetensors,1572182264,0e3bb3eff534b789d502588557922c0c4695f47500b6c97e1fabd0d64db14b77,ready,https://huggingface.co/laiarodrigo/portuguese-variant-t5gemma2/tree/main/F270-D-G-PTBR-task-balanced
F270-D-G-PTBR-added-tokens,t5gemma2-270m-270m,B,decoder,gpt_wikipedia,added_tokens,outputs/encoder_decoder/control_strings_ptbr_270m/t5gemma2_270m_fullft_stageB_gpt_wiki_decoder_ptbr_added_tokens,configs/encoder_decoder/t5gemma2/control_strings_ptbr/stageB_gpt_wiki_decoder_ptbr_added_tokens.yaml,tab:protocol-ablation-270m:Added-token-path,full_model,model.safetensors,1572182264,76017b7eadea4dd7122000fc9a8a81faec67a1579aabbe2f2de3c443b57765e1,ready,https://huggingface.co/laiarodrigo/portuguese-variant-t5gemma2/tree/main/F270-D-G-PTBR-added-tokens
F270-D-G-PTBR-restricted-loss,t5gemma2-270m-270m,B,decoder,gpt_wikipedia,restricted_classification_loss,outputs/encoder_decoder/control_strings_ptbr_270m/t5gemma2_270m_fullft_stageB_gpt_wiki_decoder_ptbr_restricted_loss,configs/encoder_decoder/t5gemma2/control_strings_ptbr/stageB_gpt_wiki_decoder_ptbr_restricted_loss.yaml,tab:protocol-ablation-270m:Restricted-classification-loss,full_model,model.safetensors,1572182264,a3a710f3d0cc60495657077a8c4e3528a6d27b5015d43cdd2ac5155b5b875193,ready,https://huggingface.co/laiarodrigo/portuguese-variant-t5gemma2/tree/main/F270-D-G-PTBR-restricted-loss
F270-E-G-PTBR-CLS,t5gemma2-270m-270m,B,encoder,gpt_wikipedia,base_protocol,outputs/encoder_decoder/control_strings_ptbr_270m/t5gemma2_270m_fullft_stageB_gpt_wiki_encoder_ptbr,configs/encoder_decoder/t5gemma2/control_strings_ptbr/stageB_gpt_wiki_encoder_ptbr.yaml,tab:appendix-rl-e:Supervised-Stage-B-start,full_model,model.safetensors,1572182264,9f29a6f3e8ad840945f0ef51dcd2c7b8c48ebf6ab9165c52a27aa908d7a84a27,ready,https://huggingface.co/laiarodrigo/portuguese-variant-t5gemma2/tree/main/F270-E-G-PTBR-CLS
C270-D-G-PTBR-A0,t5gemma2-270m-270m,C,decoder,gpt_wikipedia,base_reward,outputs/encoder_decoder/control_strings_ptbr_270m/t5gemma2_270m_fullft_stageC_D_G_ptbr_gpt_wiki_A0_base,configs/encoder_decoder/t5gemma2/control_strings_ptbr/stageC_D_G_ptbr_gpt_wiki_A0_base.yaml,tab:appendix-rl-d:Base-reward,full_model,model.safetensors,1572182264,214c3eb225ae95c553cb020dd712758fe3d08ca1995140f5179f7639c0a50d2f,ready,https://huggingface.co/laiarodrigo/portuguese-variant-t5gemma2/tree/main/C270-D-G-PTBR-A0
C270-D-G-PTBR-A1,t5gemma2-270m-270m,C,decoder,gpt_wikipedia,classifier_reward,outputs/encoder_decoder/control_strings_ptbr_270m/t5gemma2_270m_fullft_stageC_D_G_ptbr_gpt_wiki_A1_classifier_only,configs/encoder_decoder/t5gemma2/control_strings_ptbr/stageC_D_G_ptbr_gpt_wiki_A1_classifier_only.yaml,tab:appendix-rl-d:Classifier-reward,full_model,model.safetensors,1572182264,db5ff3ef3b51bbc4e0bfd8192e3309f787815ae4bb56f516baac67c982041228,ready,https://huggingface.co/laiarodrigo/portuguese-variant-t5gemma2/tree/main/C270-D-G-PTBR-A1
C270-D-G-PTBR-A2,t5gemma2-270m-270m,C,decoder,gpt_wikipedia,token_conservatism,outputs/encoder_decoder/control_strings_ptbr_270m/t5gemma2_270m_fullft_stageC_D_G_ptbr_gpt_wiki_A2_token_conservatism_only,configs/encoder_decoder/t5gemma2/control_strings_ptbr/stageC_D_G_ptbr_gpt_wiki_A2_token_conservatism_only.yaml,tab:appendix-rl-d:Token-conservatism,full_model,model.safetensors,1572182264,513d656781a3b4b1ed441599cc2a774041b3fda382dbc4abdc90252478696368,ready,https://huggingface.co/laiarodrigo/portuguese-variant-t5gemma2/tree/main/C270-D-G-PTBR-A2
C270-D-G-PTBR-A3,t5gemma2-270m-270m,C,decoder,gpt_wikipedia,ter_diverse_grouping,outputs/encoder_decoder/control_strings_ptbr_270m/t5gemma2_270m_fullft_stageC_D_G_ptbr_gpt_wiki_A3_ter_diverse_only,configs/encoder_decoder/t5gemma2/control_strings_ptbr/stageC_D_G_ptbr_gpt_wiki_A3_ter_diverse_only.yaml,tab:appendix-rl-d:TER-diverse-grouping,full_model,model.safetensors,1572182264,96983123f933f0df2fc1bfe16912edc0c4dcee78dc6e112719ed764bca5fc205,ready,https://huggingface.co/laiarodrigo/portuguese-variant-t5gemma2/tree/main/C270-D-G-PTBR-A3
C270-E-G-PTBR-CLS-A0,t5gemma2-270m-270m,C,encoder,gpt_wikipedia,base_reward,outputs/encoder_decoder/control_strings_ptbr_270m/t5gemma2_270m_fullft_stageC_E_G_ptbr_gpt_wiki_A0_base,configs/encoder_decoder/t5gemma2/control_strings_ptbr/stageC_E_G_ptbr_gpt_wiki_A0_base.yaml,tab:appendix-rl-e:Base-reward,full_model,model.safetensors,1572182264,e946707b97feee1de8ac8fd788448fbe354a30f104b1fd2bd09c7e031ac75782,ready,https://huggingface.co/laiarodrigo/portuguese-variant-t5gemma2/tree/main/C270-E-G-PTBR-CLS-A0
C270-E-G-PTBR-CLS-A1,t5gemma2-270m-270m,C,encoder,gpt_wikipedia,classifier_reward,outputs/encoder_decoder/control_strings_ptbr_270m/t5gemma2_270m_fullft_stageC_E_G_ptbr_gpt_wiki_A1_classifier_only,configs/encoder_decoder/t5gemma2/control_strings_ptbr/stageC_E_G_ptbr_gpt_wiki_A1_classifier_only.yaml,tab:appendix-rl-e:Classifier-reward,full_model,model.safetensors,1572182264,9705d9d546b152367be66b855bb2f245892b4a5e4445d82e31cd88e05ee9eb74,ready,https://huggingface.co/laiarodrigo/portuguese-variant-t5gemma2/tree/main/C270-E-G-PTBR-CLS-A1
C270-E-G-PTBR-CLS-A2,t5gemma2-270m-270m,C,encoder,gpt_wikipedia,token_conservatism,outputs/encoder_decoder/control_strings_ptbr_270m/t5gemma2_270m_fullft_stageC_E_G_ptbr_gpt_wiki_A2_token_conservatism_only,configs/encoder_decoder/t5gemma2/control_strings_ptbr/stageC_E_G_ptbr_gpt_wiki_A2_token_conservatism_only.yaml,tab:appendix-rl-e:Token-conservatism,full_model,model.safetensors,1572182264,03702d231a3c5690320c7fdfcda3b4c3e977239aa0e4a40c35290b9b391b7b7b,ready,https://huggingface.co/laiarodrigo/portuguese-variant-t5gemma2/tree/main/C270-E-G-PTBR-CLS-A2
C270-E-G-PTBR-CLS-A3,t5gemma2-270m-270m,C,encoder,gpt_wikipedia,ter_diverse_grouping,outputs/encoder_decoder/control_strings_ptbr_270m/t5gemma2_270m_fullft_stageC_E_G_ptbr_gpt_wiki_A3_ter_diverse_only,configs/encoder_decoder/t5gemma2/control_strings_ptbr/stageC_E_G_ptbr_gpt_wiki_A3_ter_diverse_only.yaml,tab:appendix-rl-e:TER-diverse-grouping,full_model,model.safetensors,1572182264,53e77c5324746b0c80c4fa584df2af4e44276e901c3c0b9300a039013ce315eb,ready,https://huggingface.co/laiarodrigo/portuguese-variant-t5gemma2/tree/main/C270-E-G-PTBR-CLS-A3
